{
  "config": {
    "T": 300,
    "n_traj": 500,
    "phi_benign": 0.5,
    "seed": 42,
    "harm_budget": 1.5
  },
  "frontier": {
    "delta_phi": [
      0.02,
      0.05,
      0.09,
      0.15,
      0.25,
      0.4
    ],
    "a_best_auc": [
      0.528512,
      0.538528,
      0.573904,
      0.5362720000000001,
      0.589088,
      0.689632
    ],
    "b_autocorr_auc": [
      0.5446880000000001,
      0.7040799999999999,
      0.8481919999999998,
      0.940512,
      0.995552,
      1.0
    ],
    "b_sprt_auc": [
      0.6456160000000001,
      0.818592,
      0.9741759999999999,
      0.9998239999999999,
      1.0,
      1.0
    ],
    "b_seq_clf_auc": [
      0.610352,
      0.7808320000000001,
      0.955504,
      0.998528,
      1.0,
      1.0
    ],
    "b_best_auc": [
      0.6456160000000001,
      0.818592,
      0.9741759999999999,
      0.9998239999999999,
      1.0,
      1.0
    ],
    "evasion_threshold_delta_phi": 0.05,
    "evasion_rule": "smallest delta_phi with parameter-free autocorr AUC >= 0.65"
  },
  "evidence_counter": {
    "delta_phi": 0.05,
    "T": [
      100,
      200,
      400,
      800,
      1600
    ],
    "b_autocorr_auc": [
      0.6348639999999999,
      0.598768,
      0.7488480000000002,
      0.73544,
      0.84712
    ],
    "b_sprt_auc": [
      0.726048,
      0.756112,
      0.874304,
      0.9366399999999999,
      0.9892799999999999
    ],
    "a_max_auc": [
      0.45902400000000004,
      0.47329600000000005,
      0.4644480000000001,
      0.5041119999999999,
      0.46208000000000005
    ]
  },
  "base_rate_robustness": {
    "delta_phi": 0.09,
    "power_at_fpr": {
      "b_autocorr": {
        "0.001": 0.036,
        "0.01": 0.084,
        "0.05": 0.26
      },
      "b_cusum": {
        "0.001": 0.06,
        "0.01": 0.172,
        "0.05": 0.36
      },
      "b_sprt": {
        "0.001": 0.468,
        "0.01": 0.524,
        "0.05": 0.704
      },
      "b_seq_clf": {
        "0.001": 0.124,
        "0.01": 0.472,
        "0.05": 0.692
      },
      "a_max": {
        "0.001": 0.0,
        "0.01": 0.004,
        "0.05": 0.036
      }
    }
  }
}