{
  "n_traj": 120,
  "T": 24,
  "agent": "Qwen/Qwen2.5-7B-Instruct",
  "monitor": "meta-llama/Llama-3.2-3B-Instruct",
  "benign_marginal_mean": 0.3927777777777777,
  "benign_marginal_var": 0.03008672839506173,
  "benign_beta": [
    2.720848678203957,
    4.206347390773587
  ],
  "phi_real": 0.06409044827729315,
  "phi_attack": 0.31409044827729315,
  "ks_attack_vs_benign": 0.009722222222222222,
  "main_aucs": {
    "a_mean": 0.4580902777777778,
    "a_max": 0.5427777777777778,
    "a_topk": 0.5616319444444444,
    "b_autocorr": 0.5858333333333334,
    "b_sprt": 0.47187500000000004
  },
  "horizon": {
    "b_autocorr": [
      0.6792444444444445,
      0.7335222222222222,
      0.8378777777777777,
      0.9295666666666667,
      0.9824111111111111
    ],
    "b_sprt": [
      0.6919777777777778,
      0.7516666666666667,
      0.8468555555555557,
      0.9238222222222223,
      0.9897666666666667
    ],
    "a_max": [
      0.4463666666666667,
      0.4956,
      0.4979555555555556,
      0.47716666666666663,
      0.49835
    ],
    "T_eff": [
      24,
      48,
      96,
      200,
      400
    ]
  },
  "Ts": [
    24,
    48,
    96,
    200,
    400
  ]
}